USE VENTAS;
INSERT INTO CUSTOMER 
(CUSTNO,CUSTFIRSTNAME,CUSTLASTNAME,CUSTCITY,CUSTSTATE,CUSTZIP,CUSTBAL)
VALUES
('C0954327','SHERI','GORDON','LITTLETON','CO','80129-5543','230'),
('C1010398','JIM','GLUSSMAN','DENVER','CO','80111-0033','200'),
('C2388597','BETH','TAYLOR','SEATTLE','WA','98103-1121','500'),
('C33440959','BETTY','WISE','SEATTLE','WA','98178-3311','200'),
('C3499503','BOB','MANN','MONROE','WA','98013-1095','0'),
('C8543321','RON','THOMPSOM','RANTON','WA','98666-1289','85');
SELECT * FROM CUSTOMER;

INSERT INTO EMPLOYEE 
(EMPNO,EMPFIRSTNAME,EMPLASTNAME,EMPPHONE,EMPEMAIL)
VALUES
('E1329594','LANDI','SANTOS','(303)789-1234','LSantos@bigco.com'),
('E8544399','JOE','JENKINS','(303)221-9875','JJenkins@bigco.com'),
('E8843211','AMY','TANG','(303)556-4321','ATang@bigco.com'),
('E9345771','COLIN','WHITE','(303)221-4453','CWhite@bigco.com'),
('E98844325','THOMAS','JOHNSON','(303)556-9987','TJhonson@bigco.com'),
('E9954302','MARY','HIL','(303)556-9871','MHil@bigco.com');
SELECT * FROM EMPLOYEE;

INSERT INTO ORDERTBL 
(ORDNO,ORDDATE,CUSTNO,EMPNO)
VALUES
('O1116324','2013/01/23','C0957327','E8544399'),
('O2334661','2013/01/14','C0954327','E1329594'),
('O3331222','2013/01/13','C1010398',''),
('O2233457','2013/01/12','C2388597','E9884325'),
('O4714645','2013/01/11','C2388597','E1329594'),
('O5511365','2013/01/22','C3340959','E9884325'),
('O7989497','2013/01/16','C3499503','E9345771'),
('O1656777','2013/02/11','C8543321',''),
('O7959898','2013/02/19','C8543321','E8544399');
SELECT * FROM ORDERTBL;
